{
	"format_version": "1.8.0",
	"animations": {
		"idle_off": {
			"loop": true,
			"bones": {
				"rotate": {
					"rotation": [-90, 0, 0]
				}
			}
		},
		"idle": {
			"loop": true
		},
		"to_off": {
			"loop": "hold_on_last_frame",
			"animation_length": 0.25,
			"bones": {
				"rotate": {
					"rotation": {
						"0.0": [0, 0, 0],
						"0.0417": [10.02809, 0, 0],
						"0.0833": [-79.8955, 0, 0],
						"0.125": [-109.06746, 0, 0],
						"0.1667": [-112.25572, 0, 0],
						"0.2083": [-104.34372, 0, 0],
						"0.25": [-90, 0, 0]
					}
				}
			}
		},
		"to_on": {
			"loop": "hold_on_last_frame",
			"animation_length": 0.25,
			"bones": {
				"rotate": {
					"rotation": {
						"0.0": [-90, 0, 0],
						"0.0417": [-108.43253, 0, 0],
						"0.0833": [-82.22403, 0, 0],
						"0.125": [-37.42957, 0, 0],
						"0.1667": [4.65804, 0, 0],
						"0.2083": [24.16537, 0, 0],
						"0.25": [0, 0, 0]
					}
				}
			}
		}
	},
	"geckolib_format_version": 2
}